id,SMILES,Tg,FFV,Tc,Density,Rg
1109053969,*Oc1ccc(C=NN=Cc2ccc(Oc3ccc(C(c4ccc(*)cc4)(C(F)(F)F)C(F)(F)F)cc3)cc2)cc1,89.31074,0.3822601,0.20591362,1.0114914,22.619387
1422188626,*Oc1ccc(C(C)(C)c2ccc(Oc3ccc(C(=O)c4cccc(C(=O)c5ccc(*)cc5)c4)cc3)cc2)cc1,96.252335,0.38451633,0.21211539,1.0749035,20.351881
2032016830,*c1cccc(OCCCCCCCCOc2cccc(N3C(=O)c4ccc(-c5cccc6c5C(=O)N(*)C6=O)cc4C3=O)c2)c1,94.89153,0.3816686,0.24057893,1.0143552,21.522629
